{
  "name": "siyuan-themes-tsundoku",
  "author": "Achuan-2",
  "url": "https://github.com/Achuan-2/siyuan-themes-tsundoku",
  "version": "1.6.7",
  "displayName": {
    "default": "Tsundoku",
    "zh_CN": "Tsundoku"
  },
  "description": {
    "default": "Tsundoku is acquiring reading materials but letting them pile up in one's home without reading them",
    "zh_CN": "谈恋爱最忌只感动自己，做笔记最忌只记不做，愿大家渐进式记笔记，渐进式生活，渐进式进步！"
  },
  "readme": {
    "default": "README.md",
    "zh_CN": "README_zh_CN.md"
  },
  "i18n": [
    "en_US",
    "zh_CN"
  ],
  "funding": {
    "openCollective": "",
    "patreon": "",
    "github": "",
    "custom": [
      "https://cdn.staticaly.com/gh/Achuan-2/PicBed@pic/assets/打赏-2023-05-09.png"
    ]
  },
  "modes": [
    "light",
    "dark"
  ]
}
